Frecuencia (Hz),Magnitud
0.0,27282.0
10.7666015625,34966.67664594665
21.533203125,67655.58911240585
32.2998046875,113338.5730420215
43.06640625,157656.384515722
53.8330078125,194475.37503440658
64.599609375,218235.94917052094
75.3662109375,216766.8365638642
86.1328125,181986.84880417536
96.8994140625,118458.19798934048
107.666015625,41967.54926475185
118.4326171875,54584.44211426442
129.19921875,112447.57287115614
139.9658203125,137717.54765204678
150.732421875,124038.95635052769
161.4990234375,78363.2348203988
172.265625,28061.77469244751
183.0322265625,55684.26075989781
193.798828125,88042.46648292201
204.5654296875,86795.11509432488
215.33203125,50324.32507709929
226.0986328125,12521.377829166859
236.865234375,80758.54431228209
247.6318359375,137599.53631510274
258.3984375,167436.00136575528
269.1650390625,163996.2864761904
279.931640625,131105.7273953127
290.6982421875,81371.36217350312
301.46484375,33334.41424736969
312.2314453125,24317.360855273408
322.998046875,37072.8834444691
333.7646484375,31975.978533077447
344.53125,13326.526007682696
355.2978515625,22028.44395930683
366.064453125,47897.33771474955
376.8310546875,68331.1777424482
387.59765625,82716.46370184183
398.3642578125,92933.94090555531
409.130859375,98539.09721028982
419.8974609375,96273.6020319275
430.6640625,83601.62771329492
441.4306640625,62188.67236032571
452.197265625,39957.43906383627
462.9638671875,29441.94905179873
473.73046875,29437.057760776508
484.4970703125,24067.17288294024
495.263671875,15233.97074273405
506.0302734375,30386.914288235657
516.796875,53876.88261846694
527.5634765625,68987.12424268734
538.330078125,68941.38736749091
549.0966796875,53011.85348984234
559.86328125,28506.453389348986
570.6298828125,24052.639071094327
581.396484375,46561.29550099083
592.1630859375,63561.59041294555
602.9296875,68871.18991091265
613.6962890625,64015.00313044307
624.462890625,54711.064712791784
635.2294921875,48700.467440229644
645.99609375,48063.55913734192
656.7626953125,48361.47459790954
667.529296875,45778.04641729065
678.2958984375,38433.641377090295
689.0625,26525.473036779113
699.8291015625,12727.522525310882
710.595703125,6938.6608812943305
721.3623046875,16036.884229947465
732.12890625,22875.50209091418
742.8955078125,25353.54648159793
753.662109375,25121.423219345023
764.4287109375,25568.92461547775
775.1953125,28018.663353934757
785.9619140625,29519.52863323217
796.728515625,27185.715242480266
807.4951171875,21334.918198303083
818.26171875,18177.724728243127
829.0283203125,23769.06587421985
839.794921875,30914.071905626646
850.5615234375,32550.391575633137
861.328125,26402.63083762627
872.0947265625,14116.618253353477
882.861328125,8234.65726017957
893.6279296875,19850.580940787273
904.39453125,27473.630735037168
915.1611328125,27059.525825837543
925.927734375,19133.888227555206
936.6943359375,8648.923786151305
947.4609375,11166.517449976678
958.2275390625,19310.688548110476
968.994140625,23094.030033089584
979.7607421875,23471.731345429245
990.52734375,25400.948132697184
1001.2939453125,30416.848996471334
1012.060546875,34566.85423518636
1022.8271484375,34228.04024764692
1033.59375,28880.380603201334
1044.3603515625,21201.549133357355
1055.126953125,14770.019517659388
1065.8935546875,11135.480766110195
1076.66015625,9526.531497480491
1087.4267578125,12342.831475549598
1098.193359375,20915.00701394925
1108.9599609375,30150.38885540545
1119.7265625,35219.92779844931
1130.4931640625,33422.40886425699
1141.259765625,24771.597294707117
1152.0263671875,11922.276840469238
1162.79296875,5803.889524139846
1173.5595703125,14070.439405180006
1184.326171875,17528.012499106826
1195.0927734375,14152.934681308358
1205.859375,7453.069818531414
1216.6259765625,10375.450873240356
1227.392578125,18211.26932606822
1238.1591796875,21702.608080700793
1248.92578125,19043.067678209147
1259.6923828125,11579.26572751678
1270.458984375,6189.511456834423
1281.2255859375,13342.879356666674
1291.9921875,20912.523607125637
1302.7587890625,25629.650293714145
1313.525390625,28111.95322698813
1324.2919921875,28853.2725013513
1335.05859375,27426.407071107278
1345.8251953125,22821.071765897344
1356.591796875,14871.736599222557
1367.3583984375,5335.771037587908
1378.125,6351.764014162825
1388.8916015625,12183.83305542546
1399.658203125,12841.189331152507
1410.4248046875,7772.358805354323
1421.19140625,3739.775300910005
1431.9580078125,13888.618673163119
1442.724609375,22831.225140609586
1453.4912109375,27009.124146229733
1464.2578125,25342.0496311947
1475.0244140625,18754.740236932586
1485.791015625,10002.113226688443
1496.5576171875,4149.036815101292
1507.32421875,6040.40176786929
1518.0908203125,6213.239543249881
1528.857421875,3179.0586627358994
1539.6240234375,4189.3796267717435
1550.390625,8785.620667539024
1561.1572265625,11224.074590430944
1571.923828125,11201.337024864131
1582.6904296875,10765.788150195316
1593.45703125,13510.28073648259
1604.2236328125,17757.19758381059
1614.990234375,19776.48116632077
1625.7568359375,17871.834049937104
1636.5234375,12649.975745621954
1647.2900390625,9037.124830863471
1658.056640625,13322.098261811781
1668.8232421875,19171.69212999616
1679.58984375,22248.57746189433
1690.3564453125,21694.926191859
1701.123046875,18676.52298131461
1711.8896484375,15238.25497342358
1722.65625,13124.844377002017
1733.4228515625,11675.606360112508
1744.189453125,9274.23070118543
1754.9560546875,5117.150274448884
1765.72265625,1444.6402161371675
1776.4892578125,5083.988485933319
1787.255859375,8639.583283811204
1798.0224609375,11226.169253624284
1808.7890625,12112.056668318908
1819.5556640625,10894.836061510978
1830.322265625,8150.926708131462
1841.0888671875,5722.303809964119
1851.85546875,7036.257024040558
1862.6220703125,10296.247656598287
1873.388671875,12368.281143821907
1884.1552734375,11710.595814099266
1894.921875,8883.289693018894
1905.6884765625,5680.416690821014
1916.455078125,3813.46641712233
1927.2216796875,3883.655432890773
1937.98828125,4616.561579422294
1948.7548828125,5680.523375526548
1959.521484375,7827.349649068475
1970.2880859375,10134.55621089695
1981.0546875,11072.571794808273
1991.8212890625,9706.398685773633
2002.587890625,6620.417278784256
2013.3544921875,3391.000215674052
2024.12109375,4488.8246139786115
2034.8876953125,6829.205937045624
2045.654296875,7310.905475225669
2056.4208984375,5855.936829059978
2067.1875,3717.0978060642406
2077.9541015625,3428.568844592319
2088.720703125,5417.4139718894985
2099.4873046875,7108.331228370171
2110.25390625,7660.930934594785
2121.0205078125,7624.147942538246
2131.787109375,7480.138912509627
2142.5537109375,6851.642345403275
2153.3203125,5100.765347867231
2164.0869140625,3365.364923455059
2174.853515625,5458.910592832287
2185.6201171875,8856.2827131815
2196.38671875,11437.739208954014
2207.1533203125,12492.549499613759
2217.919921875,12346.817616644124
2228.6865234375,12015.982270345889
2239.453125,11496.15603771739
2250.2197265625,10017.599766103966
2260.986328125,6922.746606240764
2271.7529296875,2360.0789768684836
2282.51953125,3726.268795919034
2293.2861328125,8172.442737681311
2304.052734375,10478.954931386437
2314.8193359375,10053.91939375936
2325.5859375,7676.6768557188925
2336.3525390625,5268.814606876157
2347.119140625,5505.3818568662
2357.8857421875,6292.616271295545
2368.65234375,5041.512763528551
2379.4189453125,2156.452577260954
2390.185546875,6234.014394512486
2400.9521484375,12470.310002999577
2411.71875,16868.841031118554
2422.4853515625,17528.054961046477
2433.251953125,14925.534293808149
2444.0185546875,10841.103325576345
2454.78515625,6670.837384457328
2465.5517578125,5474.078354880406
2476.318359375,6746.423208935207
2487.0849609375,6792.332034012882
2497.8515625,5578.03362004353
2508.6181640625,5573.920115005954
2519.384765625,7511.921541106139
2530.1513671875,8951.433029467335
2540.91796875,8711.0090887192
2551.6845703125,7290.610145174667
2562.451171875,6632.447172444098
2573.2177734375,7850.02405755144
2583.984375,8847.86529586777
2594.7509765625,8193.519940455419
2605.517578125,5618.153228004648
2616.2841796875,1849.8014281234457
2627.05078125,3275.1708354714456
2637.8173828125,6273.934601585662
2648.583984375,7467.006110627139
2659.3505859375,6625.070305211828
2670.1171875,4330.273170668451
2680.8837890625,1984.9208511603792
2691.650390625,2980.1507169438505
2702.4169921875,5037.376635712964
2713.18359375,6104.188623629873
2723.9501953125,6633.84356642335
2734.716796875,6946.5009319466
2745.4833984375,7044.471503109767
2756.25,6788.887010148269
2767.0166015625,5629.246461076756
2777.783203125,3577.9009306225553
2788.5498046875,477.92429162889005
2799.31640625,3255.8363136414746
2810.0830078125,6626.36818195735
2820.849609375,9141.945115576462
2831.6162109375,10205.245441411036
2842.3828125,9455.510945200342
2853.1494140625,7223.69760153124
2863.916015625,4484.173562057992
2874.6826171875,3603.344961277686
2885.44921875,5031.966267427216
2896.2158203125,5794.57242860527
2906.982421875,5015.17086456703
2917.7490234375,3318.8910509843645
2928.515625,3153.6776837147945
2939.2822265625,4859.458185960213
2950.048828125,5821.893194428108
2960.8154296875,5171.634318966799
2971.58203125,2983.9888508669774
2982.3486328125,137.17060571997206
2993.115234375,2972.8308592946505
3003.8818359375,4878.283344294912
3014.6484375,5406.939601908586
3025.4150390625,4714.949208913577
3036.181640625,3604.3454203077586
3046.9482421875,3300.901315344855
3057.71484375,3784.2489598167745
3068.4814453125,4085.794093790554
3079.248046875,4262.64799252035
3090.0146484375,4798.267663806671
3100.78125,5525.023262477605
3111.5478515625,5635.481562973153
3122.314453125,4803.846862226211
3133.0810546875,4003.9359465271395
3143.84765625,4844.493261156096
3154.6142578125,6635.665309822602
3165.380859375,7721.172981429951
3176.1474609375,7227.718834027365
3186.9140625,5368.0909529108285
3197.6806640625,2765.2709390489185
3208.447265625,529.6534097080411
3219.2138671875,980.1618262456892
3229.98046875,978.3344216843105
3240.7470703125,1298.678770269813
3251.513671875,3437.825952441213
3262.2802734375,5860.899004264285
3273.046875,7394.4802921620085
3283.8134765625,7639.480292721595
3294.580078125,6433.737428382072
3305.3466796875,4750.14879378289
3316.11328125,4215.003932277127
3326.8798828125,4936.234878713411
3337.646484375,5206.06349960197
3348.4130859375,4396.344271643562
3359.1796875,3099.0057913420387
3369.9462890625,3096.9367533133063
3380.712890625,4190.215599306075
3391.4794921875,4660.499935743475
3402.24609375,3818.841747725159
3413.0126953125,2123.3744154816773
3423.779296875,2702.1017083222087
3434.5458984375,5068.237563008408
3445.3125,6782.235791608148
3456.0791015625,6970.939501444011
3466.845703125,5509.3397288079
3477.6123046875,2700.904063182898
3488.37890625,685.4761551534293
3499.1455078125,3755.0125956846605
3509.912109375,5894.050315215092
3520.6787109375,6698.4667242451405
3531.4453125,6234.731644640445
3542.2119140625,5292.995008498913
3552.978515625,4854.717004703329
3563.7451171875,5231.745765675876
3574.51171875,5286.357321742255
3585.2783203125,4192.7869029808235
3596.044921875,1852.458614390267
3606.8115234375,1493.4752898528
3617.578125,4178.897402035938
3628.3447265625,5826.237989974136
3639.111328125,5826.656751554843
3649.8779296875,4156.388735736703
3660.64453125,2437.558642976088
3671.4111328125,4610.730342864968
3682.177734375,7597.4153441481185
3692.9443359375,9376.478454783926
3703.7109375,9164.545987840063
3714.4775390625,7323.6380853260325
3725.244140625,4501.539675114736
3736.0107421875,1695.7999982508263
3746.77734375,494.13100479086074
3757.5439453125,984.2260438704948
3768.310546875,349.5997045893971
3779.0771484375,1146.7019164226215
3789.84375,2597.8562832885
3800.6103515625,3479.13930708567
3811.376953125,3210.6232095478395
3822.1435546875,2037.1918955713788
3832.91015625,1669.0055080537359
3843.6767578125,3080.3246898088655
3854.443359375,3861.70937216201
3865.2099609375,3347.7181399511524
3875.9765625,1685.3526432916847
3886.7431640625,1715.4069729740017
3897.509765625,4165.166695991979
3908.2763671875,5860.298872056796
3919.04296875,6025.300129500446
3929.8095703125,4790.943029863632
3940.576171875,3363.936532319258
3951.3427734375,3834.4850400885343
3962.109375,5206.371793821492
3972.8759765625,5573.012130003349
3983.642578125,4313.147324262033
3994.4091796875,1920.3785568262708
4005.17578125,1222.3346615196617
4015.9423828125,3625.424673040409
4026.708984375,4953.873164075179
4037.4755859375,4830.144129911923
4048.2421875,3817.40509421863
4059.0087890625,3101.027249187053
4069.775390625,3322.248772273744
4080.5419921875,3492.323393059817
4091.30859375,2876.456970632739
4102.0751953125,1516.5885523033958
4112.841796875,596.8642008166975
4123.6083984375,1470.6694734935986
4134.375,2078.4264401357354
4145.1416015625,2027.679451835625
4155.908203125,1356.629852913348
4166.6748046875,789.0324690524366
4177.44140625,1418.8224976789602
4188.2080078125,2026.3376297038212
4198.974609375,2137.4061787886535
4209.7412109375,2315.1242613650825
4220.5078125,2904.074035258144
4231.2744140625,3351.5806907820206
4242.041015625,3151.5830672798343
4252.8076171875,2631.3489643516186
4263.57421875,2988.768669350167
4274.3408203125,4312.1100790764785
4285.107421875,5314.179014085934
4295.8740234375,5287.777735566896
4306.640625,4093.4878051662363
4317.4072265625,2047.6608753245328
4328.173828125,555.0906911187905
4338.9404296875,2014.644063934382
4349.70703125,2650.9999145508978
4360.4736328125,2153.9160857282554
4371.240234375,805.900887915988
4382.0068359375,1160.5535551666444
4392.7734375,2855.499962917099
4403.5400390625,3980.721511759459
4414.306640625,4335.704689415785
4425.0732421875,4286.335929460589
4435.83984375,3998.558261890398
4446.6064453125,3528.5344941870617
4457.373046875,2803.7064868253083
4468.1396484375,2264.5075033486764
4478.90625,2822.833458111547
4489.6728515625,3969.6423812660605
4500.439453125,4526.625407276918
4511.2060546875,4034.1206543494272
4521.97265625,2613.587106503283
4532.7392578125,704.4121025001073
4543.505859375,1036.922971548395
4554.2724609375,2162.3389873174324
4565.0390625,2305.4957400364656
4575.8056640625,1494.085805246239
4586.572265625,193.17886259782128
4597.3388671875,1893.129123772114
4608.10546875,3211.0158042886806
4618.8720703125,3645.924844544205
4629.638671875,3253.4531287666946
4640.4052734375,2446.9008977056988
4651.171875,2185.391695629584
4661.9384765625,2456.857260395725
4672.705078125,2161.605848891085
4683.4716796875,1289.8242638762565
4694.23828125,225.5832142048264
4705.0048828125,1344.8243430330472
4715.771484375,2267.185692120722
4726.5380859375,2204.411980470359
4737.3046875,1119.9296056308644
4748.0712890625,1185.0045257409352
4758.837890625,3096.743514966592
4769.6044921875,4650.831216161672
4780.37109375,5093.686724563891
4791.1376953125,4319.145822493321
4801.904296875,2579.0652367527946
4812.6708984375,1339.981958317494
4823.4375,2382.150127050481
4834.2041015625,3801.380762600011
4844.970703125,4627.655409335497
4855.7373046875,5042.474979511628
4866.50390625,5181.695065090699
4877.2705078125,5061.414593307267
4888.037109375,4310.547361202533
4898.8037109375,2972.0169423198695
4909.5703125,1706.904109578931
4920.3369140625,2074.3183954443243
4931.103515625,3156.694545515605
4941.8701171875,3650.5340481564317
4952.63671875,3403.947720110726
4963.4033203125,2761.4875376229065
4974.169921875,2307.7792744473
4984.9365234375,2179.5935102723693
4995.703125,1890.211401110976
5006.4697265625,1347.9583569051456
5017.236328125,1666.1527131497896
5028.0029296875,2691.0219571867083
5038.76953125,3244.98759146648
5049.5361328125,3118.1160971619884
5060.302734375,2548.8303168863217
5071.0693359375,2716.537176590166
5081.8359375,3605.0872815178595
5092.6025390625,4373.9581965395555
5103.369140625,4459.837838977691
5114.1357421875,3806.0911150282914
5124.90234375,2957.5407406402487
5135.6689453125,2707.4183262338584
5146.435546875,2801.7446469578063
5157.2021484375,2752.677258370359
5167.96875,2302.665261877138
5178.7353515625,2410.4254752525394
5189.501953125,3342.06223144753
5200.2685546875,4173.035391972914
5211.03515625,4467.296081302244
5221.8017578125,3929.6624123262927
5232.568359375,2960.9512819518104
5243.3349609375,2490.4749504229403
5254.1015625,2859.424330480482
5264.8681640625,3337.7291753621566
5275.634765625,3388.947910631674
5286.4013671875,3202.071846609501
5297.16796875,3053.98145387753
5307.9345703125,2802.0412437600085
5318.701171875,2594.435671581559
5329.4677734375,2479.887214595247
5340.234375,2654.457934226728
5351.0009765625,3040.965946851576
5361.767578125,2923.182302921348
5372.5341796875,2099.119378106329
5383.30078125,743.6500342740248
5394.0673828125,1082.7634098501076
5404.833984375,2440.2189824576512
5415.6005859375,3045.7037774336377
5426.3671875,2794.47792797261
5437.1337890625,1791.2070366460057
5447.900390625,1014.9614372915315
5458.6669921875,1821.1789027418772
5469.43359375,2401.160179080153
5480.2001953125,2166.089793924215
5490.966796875,1441.7015490596473
5501.7333984375,1749.3888210402554
5512.5,2876.233516457948
5523.2666015625,3576.4803710884235
5534.033203125,3459.898784605377
5544.7998046875,2789.730397390616
5555.56640625,1951.8871514771656
5566.3330078125,2022.044920409202
5577.099609375,2320.4125174362975
5587.8662109375,2152.6470166456406
5598.6328125,1548.4945956422391
5609.3994140625,1477.546948848478
5620.166015625,2094.180641447984
5630.9326171875,2428.947104816317
5641.69921875,2120.0610943820366
5652.4658203125,1334.2027673657972
5663.232421875,1390.4582099682225
5673.9990234375,2303.752422114483
5684.765625,2714.8474575421487
5695.5322265625,2330.4393300307615
5706.298828125,1285.917650379432
5717.0654296875,1326.0721695726183
5727.83203125,2762.7765660965983
5738.5986328125,3796.841883023842
5749.365234375,3964.907646738051
5760.1318359375,3458.400005814046
5770.8984375,3039.4320116153935
5781.6650390625,3068.7163222285158
5792.431640625,3087.0236795398287
5803.1982421875,2503.7544802145794
5813.96484375,1438.9731282500875
5824.7314453125,1316.8004102783295
5835.498046875,2557.3551276142643
5846.2646484375,3346.0124803800945
5857.03125,3318.801241906965
5867.7978515625,2577.378163698137
5878.564453125,2041.3344865586623
5889.3310546875,2497.2315040592207
5900.09765625,3011.359386433295
5910.8642578125,2934.3930087565814
5921.630859375,2269.5833986988678
5932.3974609375,1866.8085532870782
5943.1640625,2386.028179059164
5953.9306640625,2906.7274725574666
5964.697265625,2747.005608705665
5975.4638671875,1936.9539351376418
5986.23046875,1499.4500444616958
5996.9970703125,2109.464548491985
6007.763671875,2676.4989493442754
6018.5302734375,2444.7652162210998
6029.296875,1578.8873487517894
6040.0634765625,1088.9364258500354
6050.830078125,2072.8517076595267
6061.5966796875,2842.915447548992
6072.36328125,2826.6147164885174
6083.1298828125,2060.358306934868
6093.896484375,1324.1216327857544
6104.6630859375,1740.5263499312412
6115.4296875,2404.633057581375
6126.1962890625,2443.2150588257505
6136.962890625,1900.2246562010916
6147.7294921875,1536.26690103547
6158.49609375,1927.8554011094297
6169.2626953125,2269.454385311003
6180.029296875,2139.605395841806
6190.7958984375,1488.3962499425832
6201.5625,1574.723784282878
6212.3291015625,2441.303760440429
6223.095703125,2963.460534540516
6233.8623046875,2813.7149003867517
6244.62890625,2171.9104118025502
6255.3955078125,1827.8918272213816
6266.162109375,2246.9312869595024
6276.9287109375,2471.584629068313
6287.6953125,1978.092568501448
6298.4619140625,914.9349843570416
6309.228515625,1134.6275943548592
6319.9951171875,2564.343321921767
6330.76171875,3540.1470668415063
6341.5283203125,3692.7714358672424
6352.294921875,3147.0002917987094
6363.0615234375,2492.210828196438
6373.828125,2373.8936381784706
6384.5947265625,2497.564622198328
6395.361328125,2201.7170629133793
6406.1279296875,1548.2417767414229
6416.89453125,1746.3776007054553
6427.6611328125,2753.5033730381806
6438.427734375,3563.8798569857004
6449.1943359375,3608.2097751586684
6459.9609375,3005.028880737999
6470.7275390625,2133.6049626316603
6481.494140625,1746.05537594382
6492.2607421875,1866.877395035464
6503.02734375,1947.4281243299606
6513.7939453125,1656.1314989688417
6524.560546875,1490.0352414338413
6535.3271484375,1964.783315267882
6546.09375,2430.6204313295093
6556.8603515625,2459.7767676029393
6567.626953125,2186.4056243865193
6578.3935546875,1902.9995816023134
6589.16015625,1854.7964215537759
6599.9267578125,1820.3604428471228
6610.693359375,1734.540866409708
6621.4599609375,1938.458970549186
6632.2265625,2624.2710677907835
6642.9931640625,3185.6839891413047
6653.759765625,3161.189428637481
6664.5263671875,2380.188396096028
6675.29296875,1283.1391682773801
6686.0595703125,969.7376483198167
6696.826171875,1904.0092219144512
6707.5927734375,2326.88235025864
6718.359375,1919.9719799817894
6729.1259765625,1186.1918764762684
6739.892578125,1420.9523188779146
6750.6591796875,2486.2515742971905
6761.42578125,3096.2088310931395
6772.1923828125,3008.343384184524
6782.958984375,2456.625013646066
6793.7255859375,1980.2971626945098
6804.4921875,1981.1099011030096
6815.2587890625,1883.964371835148
6826.025390625,1325.9301832828855
6836.7919921875,1005.1429398545774
6847.55859375,1898.0276646281147
6858.3251953125,2840.3544164903174
6869.091796875,3047.8745486918474
6879.8583984375,2391.0561971644324
6890.625,1189.6600084992392
6901.3916015625,701.9608472342476
6912.158203125,1827.879436910188
6922.9248046875,2365.947794248828
6933.69140625,2004.231440172489
6944.4580078125,835.6574146929777
6955.224609375,870.3536227116443
6965.9912109375,2274.8104909472204
6976.7578125,3098.4801730760505
6987.5244140625,3018.5936124496384
6998.291015625,2293.1353906464938
7009.0576171875,1771.371091936255
7019.82421875,2354.589070450762
7030.5908203125,3026.8621232940645
7041.357421875,3164.9259580218068
7052.1240234375,2712.1247949443823
7062.890625,1995.8301047896202
7073.6572265625,1668.771156388419
7084.423828125,1787.2371283133853
7095.1904296875,1769.967268777769
7105.95703125,1575.706793773014
7116.7236328125,1474.8690328537823
7127.490234375,1613.8858779099598
7138.2568359375,1716.8411314941513
7149.0234375,1400.1445084423192
7159.7900390625,924.5191278753214
7170.556640625,916.3063507164039
7181.3232421875,1464.0203746028103
7192.08984375,1766.1230163297585
7202.8564453125,1817.747428931898
7213.623046875,1653.2791928650377
7224.3896484375,1706.6583408763947
7235.15625,1837.4508430512442
7245.9228515625,1684.386309217268
7256.689453125,1175.1264209521778
7267.4560546875,1022.3985191306052
7278.22265625,1691.9846165240815
7288.9892578125,2343.906040605758
7299.755859375,2431.237591378407
7310.5224609375,1912.6565789843442
7321.2890625,1259.750951887131
7332.0556640625,1411.4192602699825
7342.822265625,2089.961542041483
7353.5888671875,2317.6234344493682
7364.35546875,1990.5005175316398
7375.1220703125,1300.6190845927165
7385.888671875,1264.590599606186
7396.6552734375,1874.1177890758033
7407.421875,2161.575645085659
7418.1884765625,1744.2330059409014
7428.955078125,1079.1064478210124
7439.7216796875,1016.3016247287167
7450.48828125,1756.3264378917995
7461.2548828125,2063.7676262010086
7472.021484375,1713.278564145174
7482.7880859375,825.3139288561661
7493.5546875,341.80990019017923
7504.3212890625,1118.8019690403535
7515.087890625,1483.8131606283885
7525.8544921875,1275.3652180349402
7536.62109375,579.7767932798172
7547.3876953125,380.41563622415157
7558.154296875,1136.4508839582259
7568.9208984375,1564.8804645267805
7579.6875,1403.3431527521664
7590.4541015625,946.0198706082208
7601.220703125,801.5503965116478
7611.9873046875,1193.4278475018248
7622.75390625,1352.105698193374
7633.5205078125,1184.6035918239918
7644.287109375,662.7035934020998
7655.0537109375,454.51794569756066
7665.8203125,780.9291992319106
7676.5869140625,975.1753935828236
7687.353515625,762.0595629933192
7698.1201171875,409.838640085587
7708.88671875,503.61722351419127
7719.6533203125,893.9114361098545
7730.419921875,898.3234964167739
7741.1865234375,617.4470641369924
7751.953125,414.7670933850618
7762.7197265625,740.4455758759899
7773.486328125,1136.3044305897806
7784.2529296875,1192.1699810101595
7795.01953125,948.4243654414628
7805.7861328125,627.9367340860547
7816.552734375,616.7755798671701
7827.3193359375,681.0672057290817
7838.0859375,568.7995838711087
7848.8525390625,184.36622319733615
7859.619140625,393.76183700941255
7870.3857421875,800.5483752467072
7881.15234375,954.4505248245343
7891.9189453125,843.1160918256229
7902.685546875,399.69484937495906
7913.4521484375,253.38528758495832
7924.21875,733.06176242435
7934.9853515625,942.3739640865716
7945.751953125,792.3510080376496
7956.5185546875,393.5194437980564
7967.28515625,142.6908312136334
7978.0517578125,564.8031147690425
7988.818359375,743.0753120316575
7999.5849609375,564.7058935086113
8010.3515625,216.0024151805996
8021.1181640625,300.0686701953241
8031.884765625,674.2199438321278
8042.6513671875,730.2416437892118
8053.41796875,528.5838611123705
8064.1845703125,70.0407748591061
8074.951171875,434.5336521295096
8085.7177734375,787.2280891517225
8096.484375,839.8168183509412
8107.2509765625,521.1730200779396
8118.017578125,70.38279863348579
8128.7841796875,366.58662583809826
8139.55078125,634.0299095606072
8150.3173828125,711.6593833323755
8161.083984375,405.1530186149199
8171.8505859375,249.84707134303162
8182.6171875,600.9794015234647
8193.3837890625,882.6554780538801
8204.150390625,894.9140119518303
8214.9169921875,584.1705295334789
8225.68359375,140.83922033947817
8236.4501953125,417.34814358291413
8247.216796875,730.6111897815995
8257.9833984375,749.4117129815467
8268.75,475.34662268707007
8279.5166015625,177.8414044527595
8290.283203125,448.39431083421783
8301.0498046875,694.5498344626563
8311.81640625,676.6230917847723
8322.5830078125,458.61026022617443
8333.349609375,249.56886426631397
8344.1162109375,508.0401561525616
8354.8828125,720.3526809267487
8365.6494140625,636.8026836462973
8376.416015625,364.9065172197674
8387.1826171875,128.75585983641773
8397.94921875,526.1995829794889
8408.7158203125,749.2148194617662
8419.482421875,703.7194842132545
8430.2490234375,506.8008195844787
8441.015625,215.64910588753906
8451.7822265625,395.2147344698906
8462.548828125,520.7869271875952
8473.3154296875,487.73445831962397
8484.08203125,276.89070062461025
8494.8486328125,206.62605472215387
8505.615234375,394.83194376589665
8516.3818359375,586.3899818000866
8527.1484375,436.56598384115017
8537.9150390625,219.9367160859645
8548.681640625,187.18753356152428
8559.4482421875,465.3083048341131
8570.21484375,597.4495486215947
8580.9814453125,505.8208301454182
8591.748046875,202.3992177391168
8602.5146484375,245.45779946830427
8613.28125,498.0907019240857
8624.0478515625,566.7428316433658
8634.814453125,493.4646273605404
8645.5810546875,244.40835298673164
8656.34765625,220.111154603285
8667.1142578125,423.30881961707973
8677.880859375,545.6041213450331
8688.6474609375,501.87362307227954
8699.4140625,245.29616818639482
8710.1806640625,250.04410215506454
8720.947265625,373.8480812187904
8731.7138671875,475.9669734782212
8742.48046875,406.07609239740424
8753.2470703125,291.0987481384814
8764.013671875,304.8889983714418
8774.7802734375,456.2411549732233
8785.546875,494.72040366107774
8796.3134765625,475.8273268273921
8807.080078125,334.4676042830407
8817.8466796875,347.59968031522556
8828.61328125,372.0425935713762
8839.3798828125,421.8919950389874
8850.146484375,375.6462119547967
8860.9130859375,319.69879029055784
8871.6796875,347.81651271256646
8882.4462890625,394.940402654026
8893.212890625,463.35177127518926
8903.9794921875,402.47753619059074
8914.74609375,316.9530966975204
8925.5126953125,339.1810037450129
8936.279296875,377.2232766501594
8947.0458984375,466.6551989002885
8957.8125,443.2225770285391
8968.5791015625,368.8650594840589
8979.345703125,333.17948852594685
8990.1123046875,382.26450033054306
9000.87890625,430.96948135738967
9011.6455078125,407.23080193420174
9022.412109375,358.74541133505585
9033.1787109375,361.52416175549297
9043.9453125,369.41520892097486
9054.7119140625,403.70456092231274
9065.478515625,387.6742501262336
9076.2451171875,312.30621900926707
9087.01171875,375.78623236701856
9097.7783203125,361.0614900304223
9108.544921875,391.0928977235318
9119.3115234375,350.031558092353
9130.078125,339.71198265347476
9140.8447265625,366.9312307830372
9151.611328125,355.06688124506024
9162.3779296875,414.3273050610296
9173.14453125,344.2040744511934
9183.9111328125,345.65384614505257
9194.677734375,390.117599569317
9205.4443359375,380.27909207748706
9216.2109375,390.82820667683325
9226.9775390625,363.3603545619666
9237.744140625,356.06159408633005
9248.5107421875,363.48715906632384
9259.27734375,336.75026487385963
9270.0439453125,337.7827171078055
9280.810546875,403.8705637490185
9291.5771484375,308.47198249108675
9302.34375,339.88038018415017
9313.1103515625,359.32337233411596
9323.876953125,338.13287994212885
9334.6435546875,389.23777541276274
9345.41015625,354.1243250974764
9356.1767578125,369.9869519336512
9366.943359375,381.9306745248935
9377.7099609375,334.0684414996527
9388.4765625,350.3084009834699
9399.2431640625,369.1818058852322
9410.009765625,320.3208876086526
9420.7763671875,380.78351993541736
9431.54296875,349.10770637317427
9442.3095703125,341.68141769673855
9453.076171875,385.7516748902986
9463.8427734375,376.07472629633287
9474.609375,363.4124825444069
9485.3759765625,390.473665930888
9496.142578125,318.9358599217022
9506.9091796875,359.0757074036804
9517.67578125,333.02188316721214
9528.4423828125,356.78629315695576
9539.208984375,371.88744987763636
9549.9755859375,349.07049106109093
9560.7421875,369.2634406658784
9571.5087890625,382.25379389367754
9582.275390625,332.92177700480863
9593.0419921875,301.80507727961924
9603.80859375,353.4222387061074
9614.5751953125,343.261287207116
9625.341796875,307.8362040213349
9636.1083984375,375.78556267009805
9646.875,331.1691471747179
9657.6416015625,344.6894978743311
9668.408203125,341.7338288473847
9679.1748046875,314.381753451564
9689.94140625,355.7553176016137
9700.7080078125,367.841202529378
9711.474609375,360.26655287909796
9722.2412109375,291.95489532321454
9733.0078125,358.84298896424417
9743.7744140625,356.39129766946803
9754.541015625,370.8286055110631
9765.3076171875,312.2783492096435
9776.07421875,358.3012687451828
9786.8408203125,317.10906531639773
9797.607421875,346.9931514050244
9808.3740234375,321.4709306540015
9819.140625,323.5013295452433
9829.9072265625,334.947430490239
9840.673828125,328.26423271050544
9851.4404296875,333.2085425807104
9862.20703125,326.10081728239874
9872.9736328125,292.34946849592467
9883.740234375,316.9518236812747
9894.5068359375,311.5001512204894
9905.2734375,291.49320633364323
9916.0400390625,349.07751885306675
9926.806640625,344.8958695181868
9937.5732421875,306.12783251845536
9948.33984375,325.1978190587841
9959.1064453125,347.0824124922097
9969.873046875,364.1442551582328
9980.6396484375,323.94994317654175
9991.40625,341.4115864683067
10002.1728515625,310.00438248165676
10012.939453125,345.72537099569973
10023.7060546875,358.01903217716807
10034.47265625,356.57362883259685
10045.2392578125,337.14255419906493
10056.005859375,314.4611718757321
10066.7724609375,335.9442418005774
10077.5390625,307.1763720248995
10088.3056640625,339.4282665472944
10099.072265625,364.0977572935875
10109.8388671875,301.8253846967146
10120.60546875,351.978260476971
10131.3720703125,302.26122810169375
10142.138671875,311.4634471785477
10152.9052734375,355.6926001665452
10163.671875,360.8300085283871
10174.4384765625,367.01391548290576
10185.205078125,334.844444436042
10195.9716796875,336.6894054627616
10206.73828125,312.14510581261334
10217.5048828125,350.9947570558542
10228.271484375,351.5053125297144
10239.0380859375,319.70329145607786
10249.8046875,310.77389712598483
10260.5712890625,346.8345651111297
10271.337890625,325.64315688664635
10282.1044921875,307.3338935717457
10292.87109375,335.9681550691957
10303.6376953125,347.980890779649
10314.404296875,311.580851557499
10325.1708984375,286.66490249947407
10335.9375,349.05519892924826
10346.7041015625,349.37694466519247
10357.470703125,285.1225497612348
10368.2373046875,347.3545884307437
10379.00390625,314.62550505561734
10389.7705078125,312.9185098365055
10400.537109375,333.9249081645042
10411.3037109375,295.8683348848858
10422.0703125,302.52898442443296
10432.8369140625,310.98142412607535
10443.603515625,350.2169944305196
10454.3701171875,360.9396183076243
10465.13671875,355.7364122373754
10475.9033203125,361.25976952531477
10486.669921875,302.29714349613255
10497.4365234375,319.1264356199147
10508.203125,322.09316482742287
10518.9697265625,303.6539723066078
10529.736328125,283.3525146129002
10540.5029296875,294.43260488853826
10551.26953125,319.37527222701505
10562.0361328125,323.62742980026457
10572.802734375,342.46080935139156
10583.5693359375,315.9590098314179
10594.3359375,332.8792349002927
10605.1025390625,309.96669610477005
10615.869140625,359.0911765728163
10626.6357421875,312.4818153674412
10637.40234375,321.2002677815303
10648.1689453125,298.5127575882177
10658.935546875,305.3888800099537
10669.7021484375,306.9881500671737
10680.46875,341.4354336032469
10691.2353515625,322.09180660538874
10702.001953125,292.76808785510536
10712.7685546875,289.2688982003717
10723.53515625,324.2978589284931
10734.3017578125,319.382006946541
10745.068359375,305.40252361279175
10755.8349609375,301.83280538813415
10766.6015625,297.79312859644483
10777.3681640625,333.6117347914156
10788.134765625,299.51581923991375
10798.9013671875,331.94595266135497
10809.66796875,306.59390997773926
10820.4345703125,300.2621652144439
10831.201171875,294.61582970302436
10841.9677734375,344.7771187504543
10852.734375,341.69995005526044
10863.5009765625,322.70805734194494
10874.267578125,342.16776931526215
10885.0341796875,328.23771300381964
10895.80078125,270.0829641941143
10906.5673828125,317.23062197365175
10917.333984375,333.2623148968304
10928.1005859375,315.71641382679996
10938.8671875,297.27419979077763
10949.6337890625,295.11385316690513
10960.400390625,348.00074286940963
10971.1669921875,309.0209730637717
10981.93359375,286.5205699276138
10992.7001953125,311.18411023972897
11003.466796875,309.7175450873562
11014.2333984375,334.2837028660118
11025.0,308.30180018935994
11035.7666015625,311.9684238636858
11046.533203125,284.38169168279995
11057.2998046875,294.10272134960525
11068.06640625,295.10819694785687
11078.8330078125,298.04258978458097
11089.599609375,298.27965973107285
11100.3662109375,290.62221709135275
11111.1328125,277.1775985326417
11121.8994140625,307.2059316695538
11132.666015625,304.7103509867971
11143.4326171875,294.9264007607016
11154.19921875,266.3824895423004
11164.9658203125,329.64752445918396
11175.732421875,292.95438072208697
11186.4990234375,285.9114741099227
11197.265625,357.35244132035916
11208.0322265625,275.7704763581411
11218.798828125,291.6692405325295
11229.5654296875,250.7234046113941
11240.33203125,287.7324058588658
11251.0986328125,264.3830310477228
11261.865234375,292.6035928046728
11272.6318359375,283.8324992845937
11283.3984375,311.1882631185984
11294.1650390625,288.3848559077958
11304.931640625,301.1789481584948
11315.6982421875,300.4912563032535
11326.46484375,284.39344047550196
11337.2314453125,310.5932128087588
11347.998046875,300.0227270906752
11358.7646484375,292.18155374520273
11369.53125,301.99657315310566
11380.2978515625,275.091899089456
11391.064453125,309.1345979144579
11401.8310546875,313.6884104107753
11412.59765625,330.24652803298085
11423.3642578125,263.4260509398847
11434.130859375,290.7197470754964
11444.8974609375,312.93253780627344
11455.6640625,311.9814977825815
11466.4306640625,300.7878321359428
11477.197265625,300.01511890189977
11487.9638671875,334.39344403534403
11498.73046875,283.5393320428759
11509.4970703125,292.0118936626679
11520.263671875,340.374034054477
11531.0302734375,262.49866021617424
11541.796875,313.57633152781835
11552.5634765625,267.6474403761348
11563.330078125,278.8127375967983
11574.0966796875,274.6968713541378
11584.86328125,287.2071846798212
11595.6298828125,283.0313429275158
11606.396484375,272.74692046720224
11617.1630859375,345.63498466821557
11627.9296875,246.76717891217388
11638.6962890625,284.0289219719495
11649.462890625,287.43920635679547
11660.2294921875,333.9143894654731
11670.99609375,290.2174075967332
11681.7626953125,257.15943513539395
11692.529296875,291.742200207929
11703.2958984375,312.6831247945889
11714.0625,262.53206147394775
11724.8291015625,284.08015074691434
11735.595703125,303.0794648992091
11746.3623046875,231.32265738720116
11757.12890625,333.97846209327935
11767.8955078125,306.75703338348745
11778.662109375,322.1802209511113
11789.4287109375,262.07774310498814
11800.1953125,282.408851258053
11810.9619140625,333.99584055712404
11821.728515625,316.5698262850258
11832.4951171875,299.3613319236618
11843.26171875,309.5862008357036
11854.0283203125,316.96618301222884
11864.794921875,309.63910595387716
11875.5615234375,289.2517984425936
11886.328125,271.4938702026452
11897.0947265625,275.04731197820433
11907.861328125,282.14715733520995
11918.6279296875,295.81472062496545
11929.39453125,292.94103270975023
11940.1611328125,255.08549742446613
11950.927734375,283.6908554756476
11961.6943359375,329.1279952157799
11972.4609375,301.48359879612013
11983.2275390625,310.72373247667514
11993.994140625,273.90939090385973
12004.7607421875,314.6500537623978
12015.52734375,281.0530667229723
12026.2939453125,341.8940334785726
12037.060546875,279.54216928792545
12047.8271484375,262.74031836764425
12058.59375,259.0853070117759
12069.3603515625,309.68458271979887
12080.126953125,312.9644814004673
12090.8935546875,284.4196562614142
12101.66015625,326.21397271320103
12112.4267578125,285.09159571668965
12123.193359375,267.12646290000686
12133.9599609375,310.39216730576976
12144.7265625,287.371514184463
12155.4931640625,282.41678619000123
12166.259765625,275.3557405410186
12177.0263671875,267.34442874668974
12187.79296875,261.34429607418434
12198.5595703125,260.1609768254473
12209.326171875,287.5331143952945
12220.0927734375,268.61816613551895
12230.859375,259.3635148597771
12241.6259765625,298.1886338479635
12252.392578125,315.6414527370663
12263.1591796875,287.0969723312428
12273.92578125,267.89485102875096
12284.6923828125,286.06907031648745
12295.458984375,310.20012858914424
12306.2255859375,316.5437845946925
12316.9921875,269.60957042845695
12327.7587890625,315.1752357804667
12338.525390625,290.3838715429466
12349.2919921875,316.42041326286085
12360.05859375,283.3252472483966
12370.8251953125,247.56659637698783
12381.591796875,322.2474722701637
12392.3583984375,295.0820578790003
12403.125,273.06885855037837
12413.8916015625,262.8006758151966
12424.658203125,287.18636672675046
12435.4248046875,251.8778964329337
12446.19140625,275.97767692604305
12456.9580078125,294.08019972007725
12467.724609375,266.1916685568187
12478.4912109375,303.2843280488894
12489.2578125,269.00252822193113
12500.0244140625,258.31743393756443
12510.791015625,240.94300774183912
12521.5576171875,309.24405963712474
12532.32421875,263.57457646323536
12543.0908203125,226.13757373406128
12553.857421875,259.81377468183166
12564.6240234375,288.8424761667271
12575.390625,279.2582553730476
12586.1572265625,330.01866723129075
12596.923828125,249.77777889881816
12607.6904296875,309.587807633373
12618.45703125,254.465595676093
12629.2236328125,311.4374974512271
12639.990234375,271.5415483054954
12650.7568359375,290.8080792461512
12661.5234375,267.05663208583155
12672.2900390625,265.3122224997792
12683.056640625,312.5137161730278
12693.8232421875,312.542176582189
12704.58984375,245.76214792292197
12715.3564453125,302.2619752897497
12726.123046875,275.6918056519923
12736.8896484375,249.67160521657408
12747.65625,264.26346348244886
12758.4228515625,305.92676651796273
12769.189453125,255.82996470805443
12779.9560546875,246.8027302868255
12790.72265625,257.14460160125964
12801.4892578125,247.79844609160776
12812.255859375,285.186752051052
12823.0224609375,242.20933139632763
12833.7890625,279.0956243925684
12844.5556640625,308.5223667390511
12855.322265625,278.73394979643314
12866.0888671875,272.7485570674103
12876.85546875,292.9421075068727
12887.6220703125,242.47886998215654
12898.388671875,276.4719154779081
12909.1552734375,245.71656448515577
12919.921875,230.9983806463275
12930.6884765625,254.7152590569869
12941.455078125,275.40139270543597
12952.2216796875,282.38352012621635
12962.98828125,292.1502287315983
12973.7548828125,255.05172975751233
12984.521484375,242.1962646749921
12995.2880859375,292.48500450343903
13006.0546875,252.8243195199527
13016.8212890625,265.71694147286024
13027.587890625,294.54940532776965
13038.3544921875,315.2066119407504
13049.12109375,304.01810458594247
13059.8876953125,292.29096427050126
13070.654296875,238.11963080315232
13081.4208984375,294.5853173068734
13092.1875,250.65616228761226
13102.9541015625,242.6309232793022
13113.720703125,274.4743054126145
13124.4873046875,274.0920638452262
13135.25390625,289.56898916882903
13146.0205078125,255.51172954542614
13156.787109375,265.5364002984179
13167.5537109375,289.20673224232866
13178.3203125,291.7414661168628
13189.0869140625,260.9086327763668
13199.853515625,291.0479736460953
13210.6201171875,276.97335224383744
13221.38671875,255.71228488940798
13232.1533203125,239.31347377053828
13242.919921875,245.31781501992413
13253.6865234375,253.61209064169464
13264.453125,279.8496549122757
13275.2197265625,270.11590892563686
13285.986328125,227.7195381183926
13296.7529296875,237.25959925068685
13307.51953125,278.83441643358316
13318.2861328125,283.06746037775775
13329.052734375,268.9253187759363
13339.8193359375,275.9508979304005
13350.5859375,229.31368805451498
13361.3525390625,241.01390802662442
13372.119140625,272.30459705632944
13382.8857421875,292.4747585057552
13393.65234375,281.46022578502
13404.4189453125,251.03697852423477
13415.185546875,272.04596000068204
13425.9521484375,295.24151283348186
13436.71875,279.95172618258465
13447.4853515625,260.356146388161
13458.251953125,256.24133610083607
13469.0185546875,233.7350662913104
13479.78515625,245.80666358243704
13490.5517578125,252.26968197212102
13501.318359375,272.2228730052309
13512.0849609375,293.47547375951694
13522.8515625,286.1479056135637
13533.6181640625,253.44384612403715
13544.384765625,286.54334176714684
13555.1513671875,278.8121803605004
13565.91796875,280.0617840742274
13576.6845703125,240.13387461135653
13587.451171875,279.5356876944173
13598.2177734375,284.99509130891505
13608.984375,226.46456035135003
13619.7509765625,278.5032956037755
13630.517578125,264.98536830241073
13641.2841796875,251.71080668084076
13652.05078125,264.48084879908293
13662.8173828125,250.57832795007124
13673.583984375,224.46837733039916
13684.3505859375,263.82608509196274
13695.1171875,210.00896310257082
13705.8837890625,263.80024665496217
13716.650390625,252.4731812852646
13727.4169921875,232.39539018638035
13738.18359375,233.06892499432448
13748.9501953125,218.6959458426536
13759.716796875,227.91898923563633
13770.4833984375,252.20239736691195
13781.25,272.6317105133004
13792.0166015625,252.60806796712606
13802.783203125,250.6898951576012
13813.5498046875,277.5482673151401
13824.31640625,268.1986899212579
13835.0830078125,305.1280696178425
13845.849609375,242.24203271114925
13856.6162109375,271.12932156571
13867.3828125,255.70799133051972
13878.1494140625,236.2433096225591
13888.916015625,278.52730457429897
13899.6826171875,208.79573298800517
13910.44921875,279.57214911698435
13921.2158203125,247.92004351337917
13931.982421875,282.75390574834466
13942.7490234375,232.37104882822607
13953.515625,275.148235933108
13964.2822265625,249.06370684901174
13975.048828125,216.1727808116319
13985.8154296875,289.17374029146595
13996.58203125,258.12518648166963
14007.3486328125,280.2163843929063
14018.115234375,238.8421513275676
14028.8818359375,274.7335430485659
14039.6484375,265.86009660001116
14050.4150390625,264.5676485576571
14061.181640625,228.30846422275883
14071.9482421875,224.63453278837235
14082.71484375,227.0794216767108
14093.4814453125,263.22883413870113
14104.248046875,289.4608996451046
14115.0146484375,246.76422847871362
14125.78125,235.8105229108238
14136.5478515625,245.316408474371
14147.314453125,271.7127051961852
14158.0810546875,279.14793172438647
14168.84765625,239.67308166541844
14179.6142578125,245.48869512461758
14190.380859375,260.17727914943396
14201.1474609375,264.6385949814739
14211.9140625,259.21708333504705
14222.6806640625,286.26270706457467
14233.447265625,225.13621906605673
14244.2138671875,253.3260341572841
14254.98046875,192.8896872292162
14265.7470703125,268.0127903973013
14276.513671875,235.0405405558092
14287.2802734375,262.09114455852256
14298.046875,259.4153665429546
14308.8134765625,287.099309032668
14319.580078125,218.23633687236563
14330.3466796875,220.26442026801655
14341.11328125,218.63562730912034
14351.8798828125,220.48346180500275
14362.646484375,205.5135935388635
14373.4130859375,242.90788507364968
14384.1796875,256.4068824132216
14394.9462890625,272.11158503773606
14405.712890625,279.45551015842017
14416.4794921875,255.06632878602437
14427.24609375,239.67073984268097
14438.0126953125,235.0504897196128
14448.779296875,224.7231485361826
14459.5458984375,226.8573940991872
14470.3125,233.8026414724031
14481.0791015625,272.48415312419513
14491.845703125,279.6349117491503
14502.6123046875,269.82356708979586
14513.37890625,283.4690175362538
14524.1455078125,268.84721754756254
14534.912109375,258.6605257144257
14545.6787109375,253.08176825348067
14556.4453125,296.5419390984961
14567.2119140625,238.6969518450812
14577.978515625,233.16119380440077
14588.7451171875,261.5605247188987
14599.51171875,277.31698157857033
14610.2783203125,254.44019040475857
14621.044921875,261.76176028667703
14631.8115234375,283.5173906036548
14642.578125,275.88792630016434
14653.3447265625,216.34257663085498
14664.111328125,272.3886924141601
14674.8779296875,272.9892443780635
14685.64453125,238.0288965976594
14696.4111328125,258.37815698072524
14707.177734375,244.098284904371
14717.9443359375,228.24393227472464
14728.7109375,278.77127048035504
14739.4775390625,285.7410901225459
14750.244140625,262.8279565320794
14761.0107421875,204.54154711925332
14771.77734375,252.1878168234838
14782.5439453125,237.07755985761247
14793.310546875,253.3516071575345
14804.0771484375,275.48940903312143
14814.84375,251.2164166446842
14825.6103515625,287.72353961010396
14836.376953125,255.3715254982192
14847.1435546875,251.8945606959457
14857.91015625,259.0303753545659
14868.6767578125,284.44575144820027
14879.443359375,255.08794292329384
14890.2099609375,288.0611523687906
14900.9765625,222.66912594002767
14911.7431640625,243.1603317886915
14922.509765625,230.9903704137964
14933.2763671875,244.7610795250173
14944.04296875,254.84833118443373
14954.8095703125,215.829716103706
14965.576171875,226.1536497691257
14976.3427734375,274.4231325147942
14987.109375,222.60558589731002
14997.8759765625,269.1314787668969
15008.642578125,251.6869197819756
15019.4091796875,218.23982614363567
15030.17578125,271.8200745088852
15040.9423828125,219.33088976750602
15051.708984375,227.0553593863443
15062.4755859375,225.90409655643458
15073.2421875,232.01498662736978
15084.0087890625,267.0430892685864
15094.775390625,269.45833433619947
15105.5419921875,284.5512661523286
15116.30859375,269.9850731564279
15127.0751953125,272.9461063749189
15137.841796875,272.3802341694578
15148.6083984375,235.50809861038627
15159.375,244.08922337691396
15170.1416015625,249.40603034821234
15180.908203125,220.03242526380237
15191.6748046875,202.96510470503262
15202.44140625,278.60272179081215
15213.2080078125,219.68500895606084
15223.974609375,268.5428721835046
15234.7412109375,238.92767857314817
15245.5078125,245.7626347956051
15256.2744140625,240.34832509362315
15267.041015625,210.82028381647882
15277.8076171875,262.1689510378146
15288.57421875,203.55121784664144
15299.3408203125,245.89966991893738
15310.107421875,228.0443826455029
15320.8740234375,259.87847242352757
15331.640625,215.70405450642744
15342.4072265625,223.3671633960779
15353.173828125,254.82778219692685
15363.9404296875,261.48082344370727
15374.70703125,255.94180612270128
15385.4736328125,247.1115093911716
15396.240234375,220.9382374772869
15407.0068359375,242.19322807261767
15417.7734375,222.37199351635329
15428.5400390625,246.69545060620334
15439.306640625,229.7644065862535
15450.0732421875,261.7537793477197
15460.83984375,215.70013647735638
15471.6064453125,263.2889127907835
15482.373046875,238.58234182493135
15493.1396484375,266.6887365842504
15503.90625,252.11444229006514
15514.6728515625,250.73267779801134
15525.439453125,221.89426782112398
15536.2060546875,247.6035069032738
15546.97265625,198.12677578846623
15557.7392578125,252.8629594571749
15568.505859375,248.66322338279176
15579.2724609375,219.02678598422244
15590.0390625,234.05439878704283
15600.8056640625,209.68311419139164
15611.572265625,242.65749531523448
15622.3388671875,224.77138212444677
15633.10546875,235.64146196239778
15643.8720703125,210.02528344909592
15654.638671875,281.8585923242331
15665.4052734375,224.56634162904447
15676.171875,225.38132121457582
15686.9384765625,236.34347907500378
15697.705078125,255.869208846648
15708.4716796875,260.28486093360146
15719.23828125,213.3659959065881
15730.0048828125,268.0540556988061
15740.771484375,240.60618616785624
15751.5380859375,264.82581207653254
15762.3046875,260.36167983098045
15773.0712890625,255.96096268228806
15783.837890625,229.40209900525323
15794.6044921875,249.27210307129934
15805.37109375,216.01542285954608
15816.1376953125,260.86174916106523
15826.904296875,213.12388561508146
15837.6708984375,250.03449277221745
15848.4375,249.7384946325295
15859.2041015625,220.94633128247034
15869.970703125,277.87670568707955
15880.7373046875,225.48204827828837
15891.50390625,211.9668778940135
15902.2705078125,215.2037900339277
15913.037109375,257.75477912389925
15923.8037109375,213.49399293769451
15934.5703125,218.72048868765478
15945.3369140625,226.3310765524413
15956.103515625,208.4373241535811
15966.8701171875,217.04469380330713
15977.63671875,227.47730532702528
15988.4033203125,200.1785529385015
15999.169921875,233.9238666717643
16009.9365234375,274.16318732539315
16020.703125,261.92796626854977
16031.4697265625,212.31917140780888
16042.236328125,223.83233482794682
16053.0029296875,260.9654547157785
16063.76953125,246.33064641993215
16074.5361328125,228.80076152673243
16085.302734375,242.61301405668706
16096.0693359375,276.4884808297565
16106.8359375,260.9920582702479
16117.6025390625,242.2960699527798
16128.369140625,215.45886117719868
16139.1357421875,237.5499668933816
16149.90234375,246.83948947038184
16160.6689453125,262.05049688023627
16171.435546875,209.0879887627756
16182.2021484375,243.16536116803059
16192.96875,244.4040140688776
16203.7353515625,220.51753780569885
16214.501953125,212.25350293442122
16225.2685546875,220.1911613778658
16236.03515625,254.13808074026616
16246.8017578125,253.50175613338968
16257.568359375,210.31708055737397
16268.3349609375,226.90578834493866
16279.1015625,200.18144207009053
16289.8681640625,260.13469994564394
16300.634765625,229.16021886103744
16311.4013671875,247.00886963063368
16322.16796875,276.31971675325815
16332.9345703125,247.1296092424752
16343.701171875,259.4552650534378
16354.4677734375,214.19355542998957
16365.234375,206.89299603712365
16376.0009765625,231.42975603301815
16386.767578125,210.61483408937414
16397.5341796875,245.2465175979399
16408.30078125,187.48072433489457
16419.0673828125,217.81326610142523
16429.833984375,243.61759708029112
16440.6005859375,201.51189054813455
16451.3671875,254.95881860765522
16462.1337890625,223.0140911330895
16472.900390625,215.1110564637503
16483.6669921875,243.34431735284016
16494.43359375,252.77204041848717
16505.2001953125,266.81171549454183
16515.966796875,237.49381289038803
16526.7333984375,273.96358617865957
16537.5,255.11714721661696
16548.2666015625,246.32387171969313
16559.033203125,267.6906356645586
16569.7998046875,219.1388753001138
16580.56640625,237.4063555488419
16591.3330078125,207.90262732071363
16602.099609375,211.71961225379894
16612.8662109375,204.6580262276983
16623.6328125,243.41099172954407
16634.3994140625,220.24255477829578
16645.166015625,256.6085268037745
16655.9326171875,250.51917498357489
16666.69921875,254.01317278403644
16677.4658203125,219.14814215828096
16688.232421875,203.9520793693065
16698.9990234375,208.27224811439913
16709.765625,221.8025617843398
16720.5322265625,271.71259552578937
16731.298828125,260.18124445421597
16742.0654296875,198.22819291053284
16752.83203125,271.5014396299632
16763.5986328125,223.03929246057015
16774.365234375,217.44757090420484
16785.1318359375,201.60792835578158
16795.8984375,214.98173158426832
16806.6650390625,201.7322309777205
16817.431640625,240.0347209308805
16828.1982421875,252.5504854977646
16838.96484375,209.55324292188635
16849.7314453125,205.7704221120848
16860.498046875,219.30471798143395
16871.2646484375,231.95492392474665
16882.03125,264.3566722571029
16892.7978515625,209.85407078461176
16903.564453125,248.44801626711407
16914.3310546875,214.46006317808855
16925.09765625,215.77826338772718
16935.8642578125,254.97068480834275
16946.630859375,240.36275643494477
16957.3974609375,216.68764047094584
16968.1640625,216.99151771003127
16978.9306640625,239.87093450029752
16989.697265625,246.8504573207341
17000.4638671875,235.9878712083265
17011.23046875,245.92559267319075
17021.9970703125,213.0902584379068
17032.763671875,254.62692922970518
17043.5302734375,194.55525016068074
17054.296875,209.86675418800127
17065.0634765625,196.1001272291308
17075.830078125,221.93101102548383
17086.5966796875,239.2045814783751
17097.36328125,258.6890627307123
17108.1298828125,244.67903482780298
17118.896484375,249.16995046438257
17129.6630859375,232.24942896546148
17140.4296875,250.62486621271015
17151.1962890625,248.07170789477897
17161.962890625,252.1431159650128
17172.7294921875,258.6194496367608
17183.49609375,258.91398476781256
17194.2626953125,245.09988528247374
17205.029296875,261.8894206722663
17215.7958984375,215.25293915330323
17226.5625,222.07314894446054
17237.3291015625,226.83367997646923
17248.095703125,242.25008195954888
17258.8623046875,238.10292838122209
17269.62890625,240.47324368788915
17280.3955078125,244.18788169616988
17291.162109375,200.93946291989792
17301.9287109375,237.73022771625526
17312.6953125,239.94535844413272
17323.4619140625,218.82911342664426
17334.228515625,209.54622409753833
17344.9951171875,248.15524286039718
17355.76171875,211.08080369278184
17366.5283203125,222.92951761514166
17377.294921875,243.6044918684699
17388.0615234375,253.5940387526207
17398.828125,209.64494530768854
17409.5947265625,226.48085694218074
17420.361328125,246.16032833226683
17431.1279296875,192.64590666850378
17441.89453125,217.9526091013341
17452.6611328125,225.26830969578626
17463.427734375,205.02384718215393
17474.1943359375,208.9307019235698
17484.9609375,204.2712737092933
17495.7275390625,229.51124920570726
17506.494140625,240.16684008457705
17517.2607421875,212.3520363475421
17528.02734375,228.93346327490602
17538.7939453125,232.39496640341844
17549.560546875,227.80100112994631
17560.3271484375,260.24862086726773
17571.09375,243.96961425931363
17581.8603515625,253.83935832739976
17592.626953125,229.94625622733793
17603.3935546875,234.93809397469144
17614.16015625,244.569427216419
17624.9267578125,219.66022653728976
17635.693359375,210.3558890180524
17646.4599609375,188.286892889702
17657.2265625,240.92024366560605
17667.9931640625,192.5636620355473
17678.759765625,234.66075698876404
17689.5263671875,204.16185519712423
17700.29296875,172.95453854284528
17711.0595703125,242.39103544707126
17721.826171875,221.96965415404634
17732.5927734375,218.56316803698576
17743.359375,267.42838805749153
17754.1259765625,230.62349012253583
17764.892578125,242.52032315579237
17775.6591796875,222.0597183005537
17786.42578125,207.6394763093869
17797.1923828125,211.06085385804386
17807.958984375,233.0633042058588
17818.7255859375,244.52293032361868
17829.4921875,269.84188575710516
17840.2587890625,245.39740766287588
17851.025390625,260.38625367939477
17861.7919921875,228.9317313762666
17872.55859375,215.43660249626294
17883.3251953125,217.14172475955277
17894.091796875,243.79610653282217
17904.8583984375,252.95909157541644
17915.625,237.67754730880512
17926.3916015625,200.4466670120116
17937.158203125,226.96822501683462
17947.9248046875,226.54277630468607
17958.69140625,197.26625144883562
17969.4580078125,224.67875822785598
17980.224609375,269.57745367771986
17990.9912109375,243.9377793994709
18001.7578125,245.77065353937513
18012.5244140625,223.9173966275889
18023.291015625,215.09714040165213
18034.0576171875,216.80296927885672
18044.82421875,193.132376189925
18055.5908203125,243.15269515941185
18066.357421875,227.4268636410364
18077.1240234375,244.12250453716794
18087.890625,214.1889081217612
18098.6572265625,230.55990663615
18109.423828125,219.04109688401604
18120.1904296875,210.46173048543045
18130.95703125,197.4309436004525
18141.7236328125,194.21827771969583
18152.490234375,237.17601981703075
18163.2568359375,250.31219047384613
18174.0234375,252.61462847033476
18184.7900390625,249.99258535975363
18195.556640625,224.17132963999566
18206.3232421875,263.47307909316925
18217.08984375,193.0693135285305
18227.8564453125,200.3217732981523
18238.623046875,235.81555475248797
18249.3896484375,206.00588742196055
18260.15625,205.49432154074734
18270.9228515625,221.11360976198398
18281.689453125,201.22422106442758
18292.4560546875,201.04581671875806
18303.22265625,227.65212415365596
18313.9892578125,238.35455487934334
18324.755859375,186.19213654964415
18335.5224609375,203.18552647505064
18346.2890625,265.86331608412047
18357.0556640625,223.49632792820873
18367.822265625,234.6333755109225
18378.5888671875,258.5848397947553
18389.35546875,218.2287930512359
18400.1220703125,230.6677124997645
18410.888671875,250.82827926771222
18421.6552734375,234.0708858495691
18432.421875,230.27690741969386
18443.1884765625,241.47481051611888
18453.955078125,250.6577632508598
18464.7216796875,196.48569168940355
18475.48828125,212.5376353962958
18486.2548828125,179.67818602642376
18497.021484375,237.45686823569602
18507.7880859375,237.9439329060246
18518.5546875,233.8391252517555
18529.3212890625,252.04354760736837
18540.087890625,239.37413311559874
18550.8544921875,228.0986723104621
18561.62109375,223.8694774358637
18572.3876953125,217.64819482363328
18583.154296875,239.36502823448734
18593.9208984375,183.62575049057426
18604.6875,249.7131776400369
18615.4541015625,251.9063686630825
18626.220703125,195.15600677950928
18636.9873046875,256.30882062037574
18647.75390625,231.06959977468028
18658.5205078125,208.3346867833218
18669.287109375,212.21349659549037
18680.0537109375,214.70616401967425
18690.8203125,186.02541814457487
18701.5869140625,204.61017853492453
18712.353515625,245.34221290845076
18723.1201171875,246.41817085966204
18733.88671875,240.56942686661313
18744.6533203125,200.1012716734246
18755.419921875,231.16192715556122
18766.1865234375,272.58719126806943
18776.953125,242.9445362642596
18787.7197265625,221.10316515685
18798.486328125,177.8229147627408
18809.2529296875,240.61626550737512
18820.01953125,186.46180686582258
18830.7861328125,277.4940345278175
18841.552734375,235.9854639511045
18852.3193359375,216.93460566411503
18863.0859375,214.70022642759483
18873.8525390625,251.3189744356924
18884.619140625,183.21187822478757
18895.3857421875,198.50273751220908
18906.15234375,195.36623598512872
18916.9189453125,192.80253347443232
18927.685546875,242.71230935409477
18938.4521484375,221.89174417762808
18949.21875,218.2977564127899
18959.9853515625,212.865678112388
18970.751953125,252.42213076384257
18981.5185546875,237.56530741698543
18992.28515625,231.93239642152804
19003.0517578125,221.60605901885043
19013.818359375,221.95943341160662
19024.5849609375,249.00251611875603
19035.3515625,245.07070539212694
19046.1181640625,252.55914537769124
19056.884765625,195.3594644077582
19067.6513671875,231.15622752524868
19078.41796875,214.092302539615
19089.1845703125,239.5965450804925
19099.951171875,225.02449490382645
19110.7177734375,257.72908960643133
19121.484375,217.59935728908843
19132.2509765625,227.16528657754677
19143.017578125,214.72499675391893
19153.7841796875,222.25845694985827
19164.55078125,210.77955503001292
19175.3173828125,201.29385620689052
19186.083984375,184.6228507804104
19196.8505859375,238.23807851872382
19207.6171875,214.87316198285487
19218.3837890625,229.98779080892646
19229.150390625,231.03145790031112
19239.9169921875,232.39355611322864
19250.68359375,246.19237525418959
19261.4501953125,202.62648554881255
19272.216796875,192.9130292628889
19282.9833984375,236.70099424741989
19293.75,196.33314076509888
19304.5166015625,217.14188088108827
19315.283203125,243.85738802987575
19326.0498046875,223.471497962325
19336.81640625,212.9646621936929
19347.5830078125,210.38378527940057
19358.349609375,231.11117626658734
19369.1162109375,198.48482195561482
19379.8828125,253.09582355749112
19390.6494140625,250.45953314877335
19401.416015625,189.01026824337976
19412.1826171875,221.04796248599905
19422.94921875,235.37004205044656
19433.7158203125,255.3251706825386
19444.482421875,208.2664547978586
19455.2490234375,246.20168564299652
19466.015625,203.0379826086883
19476.7822265625,218.67995953224658
19487.548828125,205.11768708679577
19498.3154296875,255.2309307004876
19509.08203125,212.86205021159427
19519.8486328125,211.03155564118438
19530.615234375,179.03173006885865
19541.3818359375,208.93821406207704
19552.1484375,232.3618299003854
19562.9150390625,207.8187411673533
19573.681640625,213.7041962714014
19584.4482421875,194.8769641484829
19595.21484375,227.38683021137393
19605.9814453125,189.78794965556872
19616.748046875,239.88450195752222
19627.5146484375,220.51994016287858
19638.28125,226.22399912646122
19649.0478515625,202.2047783036892
19659.814453125,216.94129825810077
19670.5810546875,263.0817011108735
19681.34765625,239.30372835696102
19692.1142578125,254.85512611266375
19702.880859375,231.46992822742953
19713.6474609375,246.2363947135597
19724.4140625,232.11799836052148
19735.1806640625,236.3750392720275
19745.947265625,228.14820613705956
19756.7138671875,235.90549865473758
19767.48046875,242.24545423053095
19778.2470703125,221.48139141815173
19789.013671875,211.37905694865503
19799.7802734375,216.85815215069366
19810.546875,219.67046349458687
19821.3134765625,210.5443702824199
19832.080078125,255.47707201864603
19842.8466796875,215.1139331455372
19853.61328125,231.94764248882842
19864.3798828125,214.532660795612
19875.146484375,264.2903925486869
19885.9130859375,167.28014117416808
19896.6796875,209.00769467206055
19907.4462890625,209.5684514923548
19918.212890625,226.97610373388522
19928.9794921875,207.44504004173157
19939.74609375,245.6807998223796
19950.5126953125,213.56521031457748
19961.279296875,190.82340304144833
19972.0458984375,212.62641048670022
19982.8125,245.00806580360378
19993.5791015625,222.0845821646182
20004.345703125,192.412566567553
20015.1123046875,225.1075791937153
20025.87890625,184.32031820224378
20036.6455078125,244.97516358912185
20047.412109375,193.10607547285193
20058.1787109375,246.44945025850797
20068.9453125,230.1680225497231
20079.7119140625,250.52127598119827
20090.478515625,219.7837773613711
20101.2451171875,222.84493078953852
20112.01171875,186.5834894388283
20122.7783203125,243.63372811095408
20133.544921875,237.62841361006582
20144.3115234375,210.3710024440806
20155.078125,214.44292431022419
20165.8447265625,236.43259734941213
20176.611328125,200.93158185555822
20187.3779296875,237.30545883046764
20198.14453125,197.2312137139509
20208.9111328125,194.88921571551177
20219.677734375,210.35256331818115
20230.4443359375,233.09249354923875
20241.2109375,243.147333511218
20251.9775390625,202.98138746476516
20262.744140625,218.284527558602
20273.5107421875,190.77802588339523
20284.27734375,205.78991114009094
20295.0439453125,234.4501999660316
20305.810546875,221.55334928893012
20316.5771484375,196.8383926946426
20327.34375,208.73103586195234
20338.1103515625,210.36430229754063
20348.876953125,179.32327957436874
20359.6435546875,210.1068891663015
20370.41015625,253.62946912632424
20381.1767578125,206.4634047121788
20391.943359375,221.64961614857188
20402.7099609375,216.3704012281546
20413.4765625,223.40171825750156
20424.2431640625,204.27316275050177
20435.009765625,213.10896475721947
20445.7763671875,211.91366729622118
20456.54296875,236.6452067792175
20467.3095703125,212.13960165609927
20478.076171875,235.77955953947324
20488.8427734375,199.22134473661487
20499.609375,190.4701143152382
20510.3759765625,236.75779508892802
20521.142578125,217.2169867342817
20531.9091796875,244.43417183133508
20542.67578125,198.4509718653354
20553.4423828125,227.68141954439372
20564.208984375,231.88254975724394
20574.9755859375,185.50412726471637
20585.7421875,211.00533451410718
20596.5087890625,252.4487836425843
20607.275390625,192.55863831443344
20618.0419921875,198.941019920666
20628.80859375,236.96051725856802
20639.5751953125,253.58903548099943
20650.341796875,221.37916183855444
20661.1083984375,216.63712417784052
20671.875,225.1149361870794
20682.6416015625,257.1405950095396
20693.408203125,219.95301995538853
20704.1748046875,202.62193034066968
20714.94140625,209.7511498903728
20725.7080078125,209.09333175815428
20736.474609375,190.2590386168733
20747.2412109375,224.90344113970076
20758.0078125,227.8900727349886
20768.7744140625,230.41050946470685
20779.541015625,228.40067203653413
20790.3076171875,218.66519999018544
20801.07421875,238.1612805227629
20811.8408203125,224.99037941830304
20822.607421875,195.6643297327386
20833.3740234375,191.33204812134164
20844.140625,232.60145355429376
20854.9072265625,245.7912155365002
20865.673828125,217.56274596245026
20876.4404296875,220.89394531633536
20887.20703125,202.50293933106565
20897.9736328125,237.84797355881693
20908.740234375,243.14399416225243
20919.5068359375,208.60251615651495
20930.2734375,221.6084178320874
20941.0400390625,193.06182683592496
20951.806640625,247.37903694807648
20962.5732421875,227.954796249137
20973.33984375,175.78431481288357
20984.1064453125,208.33246097004928
20994.873046875,183.5799514705569
21005.6396484375,249.35860586324546
21016.40625,221.13333262762578
21027.1728515625,187.91787951852152
21037.939453125,186.78172002569454
21048.7060546875,234.36256425346042
21059.47265625,206.25831377557617
21070.2392578125,231.75239296328039
21081.005859375,213.19470867401995
21091.7724609375,182.67327554781477
21102.5390625,251.77051184969707
21113.3056640625,206.56116386851357
21124.072265625,205.14476444702237
21134.8388671875,229.53210331995183
21145.60546875,235.88581746496766
21156.3720703125,174.52691059193577
21167.138671875,230.1447066990505
21177.9052734375,237.39687749903555
21188.671875,201.13233896435216
21199.4384765625,249.42958754949828
21210.205078125,215.52112795254925
21220.9716796875,233.01960666071616
21231.73828125,200.75571977603067
21242.5048828125,224.21312079057296
21253.271484375,238.0539229680624
21264.0380859375,212.38304252261435
21274.8046875,195.04909628656245
21285.5712890625,223.86593156041596
21296.337890625,196.2734011881667
21307.1044921875,233.0317904920767
21317.87109375,198.95395287617293
21328.6376953125,227.61443711873937
21339.404296875,223.25646806007947
21350.1708984375,241.53171703699132
21360.9375,230.1717530374928
21371.7041015625,213.88083692196213
21382.470703125,207.56854019472866
21393.2373046875,232.2209993159606
21404.00390625,197.24487641893924
21414.7705078125,261.8660222931041
21425.537109375,184.38131604864165
21436.3037109375,187.92647434814333
21447.0703125,204.25101454280787
21457.8369140625,235.96379405867728
21468.603515625,231.16009690736945
21479.3701171875,240.945216820521
21490.13671875,215.9073517136639
21500.9033203125,204.0969155418772
21511.669921875,217.3431248083214
21522.4365234375,263.8149010648415
21533.203125,238.22761788494125
21543.9697265625,222.43322281466263
21554.736328125,274.7981953081868
21565.5029296875,182.1480938828479
21576.26953125,229.1160238664113
21587.0361328125,224.33855277626282
21597.802734375,186.58959176903048
21608.5693359375,201.33564446496322
21619.3359375,215.39116001481278
21630.1025390625,243.87998463489737
21640.869140625,224.39074738148113
21651.6357421875,210.01082782576734
21662.40234375,242.82873133357464
21673.1689453125,198.21302807623272
21683.935546875,180.1942387432343
21694.7021484375,212.65478932112921
21705.46875,212.3211853211855
21716.2353515625,224.94369968306103
21727.001953125,242.71094898157324
21737.7685546875,232.42006355266815
21748.53515625,255.586688387019
21759.3017578125,235.07501015597316
21770.068359375,237.9989497339496
21780.8349609375,189.84934135368815
21791.6015625,171.83004826910542
21802.3681640625,195.39016968467436
21813.134765625,213.67209526951632
21823.9013671875,219.88198314444122
21834.66796875,236.61761237729846
21845.4345703125,251.17262664716677
21856.201171875,250.46964727985875
21866.9677734375,245.76967821697454
21877.734375,215.95531124854637
21888.5009765625,242.61989191329076
21899.267578125,189.45071137696797
21910.0341796875,211.35522472326582
21920.80078125,216.9841727289787
21931.5673828125,205.48544791715264
21942.333984375,211.16164504048453
21953.1005859375,225.18617118836755
21963.8671875,251.25761664064964
21974.6337890625,223.7141564295453
21985.400390625,217.90516774354666
21996.1669921875,251.75989651369545
22006.93359375,249.38328027937348
22017.7001953125,234.43481390671326
22028.466796875,252.37937997885518
22039.2333984375,194.14500344899744
